"ID","EVENT","STARTDATE","STARTTIME","ENDDATE","ENDTIME"
10,"???????????","2015-12-01","12:00:00","2015-12-31","13:00:00"
12,"??????","2015-12-01","15:00:00","2015-12-31","16:00:00"
13,"??????????","2015-12-01","08:00:00","2015-12-31","20:00:00"
1,"???????????????","2015-12-01","11:00:00","2015-12-31","14:00:00"
2,"?????????????","2015-12-24","14:30:00","2015-12-24","15:30:00"
3,"????????????","2015-12-31","18:00:00","2015-12-31","22:00:00"
4,"??????????????","2015-12-05","08:00:00","2015-12-05","09:00:00"
5,"??????????????","2015-12-19","08:30:00","2015-12-19","09:30:00"
6,"???????","2015-12-01","05:15:00","2015-12-31","11:15:00"
7,"??????","2015-15-30","10:00:00","2015-12-30","11:00:00"
8,"??????","2015-12-13","15:00:00","2015-12-13","16:00:00"
9,"??????????","2015-12-12","07:00:00","2015-12-12","11:00:00"
11,"??????????????","2015-12-01","06:00:00","2015-12-31","07:00:00"
